,Start,End,Duration,Exposure Time [%],Equity Final [$],Equity Peak [$],Return [%],Buy & Hold Return [%],Return (Ann.) [%],Volatility (Ann.) [%],Sharpe Ratio,Sortino Ratio,Calmar Ratio,Max. Drawdown [%],Avg. Drawdown [%],Max. Drawdown Duration,Avg. Drawdown Duration,# Trades,Win Rate [%],Best Trade [%],Worst Trade [%],Avg. Trade [%],Max. Trade Duration,Avg. Trade Duration,Profit Factor,Expectancy [%],SQN,_strategy,_equity_curve,_trades
0,2021-10-04 19:00:00,2022-01-16 22:00:00,104 days 03:00:00,5.72,11433247.018800002,11911935.0986,14.332470188000016,-12.672062385537908,59.29735440693298,30.424556726763953,1.9489964944919027,4.93312789245884,10.060884398529009,-5.893851082873269,-1.822038651618833,25 days 18:00:00,4 days 12:00:00,30,60.0,2.0131074453856423,-2.015488965377621,0.4474707401978639,0 days 11:00:00,0 days 04:00:00,1.6349984308560863,0.4657339138879676,1.2513579594126845,"BBRSIADXEMA(stlo=980,tkpr=1020,dema_var=50,multiplier=2)","                           Equity  DrawdownPct DrawdownDuration
Date                                                           
2021-10-04 19:00:00  1.000000e+07     0.000000              NaT
2021-10-04 20:00:00  1.000000e+07     0.000000              NaT
2021-10-04 21:00:00  1.000000e+07     0.000000              NaT
2021-10-04 22:00:00  1.000000e+07     0.000000              NaT
2021-10-04 23:00:00  1.000000e+07     0.000000              NaT
...                           ...          ...              ...
2022-01-16 18:00:00  1.143325e+07     0.040186              NaT
2022-01-16 19:00:00  1.143325e+07     0.040186              NaT
2022-01-16 20:00:00  1.143325e+07     0.040186              NaT
2022-01-16 21:00:00  1.143325e+07     0.040186              NaT
2022-01-16 22:00:00  1.143325e+07     0.040186  7 days 22:00:00

[2500 rows x 3 columns]","     Size  EntryBar  ExitBar  EntryPrice  ExitPrice          PnL  ReturnPct           EntryTime            ExitTime        Duration  Validation_Set
0  -63653       103      104      157.10   160.2318 -199348.4654  -0.019935 2021-10-09 02:00:00 2021-10-09 03:00:00 0 days 01:00:00           10050
1   66816       191      191      146.68   149.6136  196011.4176   0.020000 2021-10-12 18:00:00 2021-10-12 18:00:00 0 days 00:00:00           10050
2  -62919       288      296      158.88   162.0576 -199931.4144  -0.020000 2021-10-16 19:00:00 2021-10-17 03:00:00 0 days 08:00:00           10050
3  -61680       313      313      158.83   155.6534  195932.6880   0.020000 2021-10-17 20:00:00 2021-10-17 20:00:00 0 days 00:00:00           10050
4  -50907       437      437      196.29   192.3642  199850.7006   0.020000 2021-10-23 00:00:00 2021-10-23 00:00:00 0 days 00:00:00           10050
5  -51591       452      453      197.56   201.5418 -205425.0438  -0.020155 2021-10-23 15:00:00 2021-10-23 16:00:00 0 days 01:00:00           10050
6  -48356       516      517      206.53   210.6606 -199739.2936  -0.020000 2021-10-26 07:00:00 2021-10-26 08:00:00 0 days 01:00:00           10050
7  -47218       521      523      207.28   203.1344  195746.9408   0.020000 2021-10-26 12:00:00 2021-10-26 14:00:00 0 days 02:00:00           10050
8  -50665       609      619      197.04   193.0992  199660.6320   0.020000 2021-10-30 04:00:00 2021-10-30 14:00:00 0 days 10:00:00           10050
9  -42773       760      763      238.06   233.2988  203650.8076   0.020000 2021-11-05 11:00:00 2021-11-05 14:00:00 0 days 03:00:00           10050
10 -41598       816      821      249.68   244.6962  207316.1124   0.019961 2021-11-07 19:00:00 2021-11-08 00:00:00 0 days 05:00:00           10050
11 -43188       850      860      245.29   240.3842  211871.6904   0.020000 2021-11-09 05:00:00 2021-11-09 15:00:00 0 days 10:00:00           10050
12 -45753      1010     1013      236.17   231.4564  215661.3408   0.019959 2021-11-15 21:00:00 2021-11-16 00:00:00 0 days 03:00:00           10050
13 -52144      1138     1149      211.36   215.5668 -219359.3792  -0.019903 2021-11-21 05:00:00 2021-11-21 16:00:00 0 days 11:00:00           10050
14 -49927      1166     1167      216.35   220.6668 -215524.8736  -0.019953 2021-11-22 09:00:00 2021-11-22 10:00:00 0 days 01:00:00           10050
15 -48771      1209     1218      217.06   212.7874  208378.9746   0.019684 2021-11-24 04:00:00 2021-11-24 13:00:00 0 days 09:00:00           10050
16 -53121      1356     1360      203.21   207.2640 -215352.5340  -0.019950 2021-11-30 07:00:00 2021-11-30 11:00:00 0 days 04:00:00           10050
17 -47166      1437     1437      224.30   219.7846  212973.3564   0.020131 2021-12-03 16:00:00 2021-12-03 16:00:00 0 days 00:00:00           10050
18 -56670      1571     1577      190.44   186.6410  215289.3300   0.019949 2021-12-09 06:00:00 2021-12-09 12:00:00 0 days 06:00:00           10050
19 -61347      1762     1764      179.43   179.4300      -0.0000  -0.000000 2021-12-17 05:00:00 2021-12-17 07:00:00 0 days 02:00:00           10050
20 -61347      1764     1764      179.43   175.8414  220149.8442   0.020000 2021-12-17 07:00:00 2021-12-17 07:00:00 0 days 00:00:00           10050
21 -62259      1825     1834      180.34   176.7234  225165.8994   0.020054 2021-12-19 20:00:00 2021-12-20 05:00:00 0 days 09:00:00           10050
22 -63564      1898     1901      180.18   176.5568  230305.0848   0.020109 2021-12-22 21:00:00 2021-12-23 00:00:00 0 days 03:00:00           10050
23 -61413      1961     1972      190.24   194.0448 -233664.1824  -0.020000 2021-12-25 12:00:00 2021-12-25 23:00:00 0 days 11:00:00           10050
24 -58511      2021     2022      195.68   191.7566  229562.0574   0.020050 2021-12-28 00:00:00 2021-12-28 01:00:00 0 days 01:00:00           10050
25  81280      2292     2294      143.69   146.5536  232753.4080   0.019929 2022-01-08 07:00:00 2022-01-08 09:00:00 0 days 02:00:00           10050
26  82361      2310     2310      144.63   141.7472 -237430.2908  -0.019932 2022-01-09 01:00:00 2022-01-09 01:00:00 0 days 00:00:00           10050
27  80719      2327     2331      144.63   141.7178 -235069.8718  -0.020136 2022-01-09 18:00:00 2022-01-09 22:00:00 0 days 04:00:00           10050
28  79901      2338     2344      143.17   140.2968 -229571.5532  -0.020068 2022-01-10 05:00:00 2022-01-10 11:00:00 0 days 06:00:00           10050
29  79740      2374     2375      140.58   143.3814  223383.6360   0.019927 2022-01-11 17:00:00 2022-01-11 18:00:00 0 days 01:00:00           10050"
1,2022-01-16 23:00:00,2022-05-01 02:00:00,104 days 03:00:00,5.04,9563611.898999993,10688357.627999997,-4.363881010000072,-42.12055683200432,-14.242191551539685,16.92674708805106,0.0,0.0,0.0,-13.944476564814313,-5.024893540791889,83 days 08:00:00,27 days 21:00:00,26,46.15384615384615,2.0277489381783864,-2.0112347174798817,-0.17146692168644728,0 days 12:00:00,0 days 04:00:00,0.859151005834843,-0.1515752080041489,-0.41890198077692986,"BBRSIADXEMA(stlo=980,tkpr=1020,dema_var=40,multiplier=3)","                           Equity  DrawdownPct DrawdownDuration
Date                                                           
2022-01-16 23:00:00  1.000000e+07     0.000000              NaT
2022-01-17 00:00:00  1.000000e+07     0.000000              NaT
2022-01-17 01:00:00  1.000000e+07     0.000000              NaT
2022-01-17 02:00:00  1.000000e+07     0.000000              NaT
2022-01-17 03:00:00  1.000000e+07     0.000000              NaT
...                           ...          ...              ...
2022-04-30 22:00:00  9.563612e+06     0.105231              NaT
2022-04-30 23:00:00  9.563612e+06     0.105231              NaT
2022-05-01 00:00:00  9.563612e+06     0.105231              NaT
2022-05-01 01:00:00  9.563612e+06     0.105231              NaT
2022-05-01 02:00:00  9.563612e+06     0.105231 83 days 08:00:00

[2500 rows x 3 columns]","      Size  EntryBar  ExitBar  EntryPrice  ExitPrice          PnL  ReturnPct           EntryTime            ExitTime        Duration  Validation_Set
0   -75734        96       96      132.04   129.4090  199256.1540   0.019926 2022-01-20 23:00:00 2022-01-20 23:00:00 0 days 00:00:00           12550
1  -107814       330      332       94.60    92.7080  203984.0880   0.020000 2022-01-30 17:00:00 2022-01-30 19:00:00 0 days 02:00:00           12550
2   -98190       401      401      105.95   103.8016  210951.3960   0.020277 2022-02-02 16:00:00 2022-02-02 16:00:00 0 days 00:00:00           12550
3   -93881       497      504      113.06   115.3314 -213241.3034  -0.020090 2022-02-06 16:00:00 2022-02-06 23:00:00 0 days 07:00:00           12550
4   -91060       538      541      114.22   111.9356  208017.4640   0.020000 2022-02-08 09:00:00 2022-02-08 12:00:00 0 days 03:00:00           12550
5   -95395       580      587      111.21   113.4444 -213150.5880  -0.020092 2022-02-10 03:00:00 2022-02-10 10:00:00 0 days 07:00:00           12550
6  -104459       735      740       99.52   101.4900 -205784.2300  -0.019795 2022-02-16 14:00:00 2022-02-16 19:00:00 0 days 05:00:00           12550
7  -102753       749      758       99.17    97.2062  201786.3414   0.019802 2022-02-17 04:00:00 2022-02-17 13:00:00 0 days 09:00:00           12550
8  -114712       979      982       90.59    92.4018 -207835.2016  -0.020000 2022-02-26 18:00:00 2022-02-26 21:00:00 0 days 03:00:00           12550
9  -101141      1081     1082      100.69    98.6664  204668.9276   0.020097 2022-03-03 00:00:00 2022-03-03 01:00:00 0 days 01:00:00           12550
10 -114715      1494     1505       90.56    88.7390  208896.0150   0.020108 2022-03-20 05:00:00 2022-03-20 16:00:00 0 days 11:00:00           12550
11 -120344      1530     1539       88.06    89.8212 -211949.8528  -0.020000 2022-03-21 17:00:00 2022-03-22 02:00:00 0 days 09:00:00           12550
12 -114391      1564     1574       90.79    92.6160 -208877.9660  -0.020112 2022-03-23 03:00:00 2022-03-23 13:00:00 0 days 10:00:00           12550
13 -103579      1626     1638       98.25   100.2048 -202476.2292  -0.019896 2022-03-25 17:00:00 2022-03-26 05:00:00 0 days 12:00:00           12550
14  -98941      1668     1670      100.81    98.7938  199484.8442   0.020000 2022-03-27 11:00:00 2022-03-27 13:00:00 0 days 02:00:00           12550
15  -94027      1731     1732      108.20   110.3538 -202515.3526  -0.019906 2022-03-30 02:00:00 2022-03-30 03:00:00 0 days 01:00:00           12550
16  -83961      1780     1780      118.76   121.1250 -198567.7650  -0.019914 2022-04-01 03:00:00 2022-04-01 03:00:00 0 days 00:00:00           12550
17  -73766      1825     1827      132.48   135.1398 -196202.8068  -0.020077 2022-04-03 00:00:00 2022-04-03 02:00:00 0 days 02:00:00           12550
18  -70529      1843     1847      135.78   138.4854 -190809.1566  -0.019925 2022-04-03 18:00:00 2022-04-03 22:00:00 0 days 04:00:00           12550
19  -69818      1850     1852      134.43   137.1186 -187712.6748  -0.020000 2022-04-04 01:00:00 2022-04-04 03:00:00 0 days 02:00:00           12550
20  -82946      2019     2019      110.89   108.6526  185583.3804   0.020177 2022-04-11 02:00:00 2022-04-11 02:00:00 0 days 00:00:00           12550
21  -91075      2103     2105      103.03   100.9596  188561.6800   0.020095 2022-04-14 14:00:00 2022-04-14 16:00:00 0 days 02:00:00           12550
22  -95577      2185     2189      100.15    98.1470  191440.7310   0.020000 2022-04-18 00:00:00 2022-04-18 04:00:00 0 days 04:00:00           12550
23  -93154      2252     2253      104.81   106.9164 -196219.5856  -0.020097 2022-04-20 19:00:00 2022-04-20 20:00:00 0 days 01:00:00           12550
24  -90359      2276     2277      105.88   103.7722  190458.7002   0.019907 2022-04-21 19:00:00 2022-04-21 20:00:00 0 days 01:00:00           12550
25  -99946      2440     2442       97.63    99.5724 -194135.1104  -0.019896 2022-04-28 15:00:00 2022-04-28 17:00:00 0 days 02:00:00           12550"
2,2022-05-01 03:00:00,2022-08-13 06:00:00,104 days 03:00:00,8.4,10495844.316200005,11539576.751799997,4.958443162000049,-45.916164943769175,18.320614633720524,33.460537267963055,0.5475290037037654,0.8906080387115071,1.1040521356838249,-16.59397599224166,-4.851277160554162,58 days 13:00:00,11 days 04:00:00,32,65.625,4.017499088589139,-4.028385570668247,0.15134671421015433,1 days 08:00:00,0 days 06:00:00,1.1539131662268411,0.19230430304744278,0.2889370812128695,"BBRSIADXEMA(stlo=960,tkpr=1020,dema_var=40,multiplier=2)","                           Equity  DrawdownPct DrawdownDuration
Date                                                           
2022-05-01 03:00:00  1.000000e+07     0.000000              NaT
2022-05-01 04:00:00  1.000000e+07     0.000000              NaT
2022-05-01 05:00:00  1.000000e+07     0.000000              NaT
2022-05-01 06:00:00  1.000000e+07     0.000000              NaT
2022-05-01 07:00:00  1.000000e+07     0.000000              NaT
...                           ...          ...              ...
2022-08-13 02:00:00  1.049584e+07     0.090448              NaT
2022-08-13 03:00:00  1.049584e+07     0.090448              NaT
2022-08-13 04:00:00  1.049584e+07     0.090448              NaT
2022-08-13 05:00:00  1.049584e+07     0.090448              NaT
2022-08-13 06:00:00  1.049584e+07     0.090448 58 days 13:00:00

[2500 rows x 3 columns]","      Size  EntryBar  ExitBar  EntryPrice  ExitPrice          PnL  ReturnPct           EntryTime            ExitTime        Duration  Validation_Set
0   198294       289      289       50.43    51.4386  199999.3284   0.020000 2022-05-13 04:00:00 2022-05-13 04:00:00 0 days 00:00:00           15050
1  -189485       369      369       53.83    54.8964 -202066.8040  -0.019811 2022-05-16 12:00:00 2022-05-16 12:00:00 0 days 00:00:00           15050
2  -183650       400      400       54.44    55.5186 -198084.8900  -0.019813 2022-05-17 19:00:00 2022-05-17 19:00:00 0 days 00:00:00           15050
3  -178633       412      418       54.86    52.6560  393707.1320   0.040175 2022-05-18 07:00:00 2022-05-18 13:00:00 0 days 06:00:00           15050
4  -203504       545      562       50.09    48.0864  407740.6144   0.040000 2022-05-23 20:00:00 2022-05-24 13:00:00 0 days 17:00:00           15050
5   250444       659      660       42.33    43.1766  212025.8904   0.020000 2022-05-28 14:00:00 2022-05-28 15:00:00 0 days 01:00:00           15050
6   249154       680      681       43.40    44.2782  218807.0428   0.020235 2022-05-29 11:00:00 2022-05-29 12:00:00 0 days 01:00:00           15050
7   266669       791      797       41.37    39.7152 -441283.8612  -0.040000 2022-06-03 02:00:00 2022-06-03 08:00:00 0 days 06:00:00           15050
8   273665       835      846       38.70    39.4842  214608.0930   0.020264 2022-06-04 22:00:00 2022-06-05 09:00:00 0 days 11:00:00           15050
9   266735       942      942       40.51    41.3304  218829.3940   0.020252 2022-06-09 09:00:00 2022-06-09 09:00:00 0 days 00:00:00           15050
10  362999      1059     1059       30.37    30.9876  224188.1824   0.020336 2022-06-14 06:00:00 2022-06-14 06:00:00 0 days 00:00:00           15050
11  381174      1078     1078       29.51    30.1104  228856.8696   0.020346 2022-06-15 01:00:00 2022-06-15 01:00:00 0 days 00:00:00           15050
12  389061      1093     1095       29.50    28.3296 -455356.9944  -0.039675 2022-06-15 16:00:00 2022-06-15 18:00:00 0 days 02:00:00           15050
13  344328      1136     1147       32.01    30.7296 -440877.5712  -0.040000 2022-06-17 11:00:00 2022-06-17 22:00:00 0 days 11:00:00           15050
14  258706      1376     1378       40.90    39.2640 -423243.0160  -0.040000 2022-06-27 11:00:00 2022-06-27 13:00:00 0 days 02:00:00           15050
15  257030      1403     1404       39.52    37.9392 -406313.0240  -0.040000 2022-06-28 14:00:00 2022-06-28 15:00:00 0 days 01:00:00           15050
16  282653      1462     1463       34.50    35.1798  192147.5094   0.019704 2022-07-01 01:00:00 2022-07-01 02:00:00 0 days 01:00:00           15050
17  299058      1481     1481       33.25    33.9048  195823.1784   0.019693 2022-07-01 20:00:00 2022-07-01 20:00:00 0 days 00:00:00           15050
18  305131      1498     1506       33.23    33.9048  205902.3988   0.020307 2022-07-02 13:00:00 2022-07-02 21:00:00 0 days 08:00:00           15050
19  309372      1530     1544       33.44    34.1190  210063.5880   0.020305 2022-07-03 21:00:00 2022-07-04 11:00:00 0 days 14:00:00           15050
20  272821      1647     1679       38.69    37.1424 -422217.7796  -0.040000 2022-07-08 18:00:00 2022-07-10 02:00:00 1 days 08:00:00           15050
21  299623      1760     1761       33.82    32.4576 -408206.3752  -0.040284 2022-07-13 11:00:00 2022-07-13 12:00:00 0 days 01:00:00           15050
22  286705      1767     1772       33.92    34.5984  194500.6720   0.020000 2022-07-13 18:00:00 2022-07-13 23:00:00 0 days 05:00:00           15050
23  290810      1788     1788       34.11    34.7820  195424.3200   0.019701 2022-07-14 15:00:00 2022-07-14 15:00:00 0 days 00:00:00           15050
24  234849      1960     1961       43.07    43.9212  199903.4688   0.019763 2022-07-21 19:00:00 2022-07-21 20:00:00 0 days 01:00:00           15050
25  252320      2020     2035       40.88    41.6976  206296.8320   0.020000 2022-07-24 07:00:00 2022-07-24 22:00:00 0 days 15:00:00           15050
26  284279      2091     2103       37.01    37.7604  213322.9616   0.020276 2022-07-27 06:00:00 2022-07-27 18:00:00 0 days 12:00:00           15050
27  254432      2246     2252       42.19    40.5024 -429379.4432  -0.040000 2022-08-02 17:00:00 2022-08-02 23:00:00 0 days 06:00:00           15050
28  254635      2270     2275       40.47    38.8416 -414647.6340  -0.040237 2022-08-03 17:00:00 2022-08-03 22:00:00 0 days 05:00:00           15050
29  249444      2304     2307       39.65    40.4430  197809.0920   0.020000 2022-08-05 03:00:00 2022-08-05 06:00:00 0 days 03:00:00           15050
30  249709      2363     2369       40.40    41.2080  201764.8720   0.020000 2022-08-07 14:00:00 2022-08-07 20:00:00 0 days 06:00:00           15050
31  244709      2435     2446       42.05    42.8910  205800.2690   0.020000 2022-08-10 14:00:00 2022-08-11 01:00:00 0 days 11:00:00           15050"
3,2022-08-13 07:00:00,2022-11-25 10:00:00,104 days 03:00:00,15.68,9694389.584199995,10297748.990400001,-3.056104158000052,-69.91094147582697,-10.227652663351883,21.726346513745764,0.0,0.0,0.0,-19.468553957461786,-19.468553957461786,93 days 08:00:00,93 days 08:00:00,29,41.37931034482759,3.0309805174065785,-3.0732075471698095,-0.10696992948765471,2 days 18:00:00,0 days 13:00:00,0.9355795320517842,-0.0781166312953326,-0.24766603694433348,"BBRSIADXEMA(stlo=970,tkpr=1020,dema_var=40,multiplier=2)","                           Equity  DrawdownPct DrawdownDuration
Date                                                           
2022-08-13 07:00:00  1.000000e+07     0.000000              NaT
2022-08-13 08:00:00  1.000000e+07     0.000000              NaT
2022-08-13 09:00:00  1.000000e+07     0.000000              NaT
2022-08-13 10:00:00  1.000000e+07     0.000000              NaT
2022-08-13 11:00:00  1.000000e+07     0.000000              NaT
...                           ...          ...              ...
2022-11-25 06:00:00  9.694390e+06     0.058591              NaT
2022-11-25 07:00:00  9.694390e+06     0.058591              NaT
2022-11-25 08:00:00  9.694390e+06     0.058591              NaT
2022-11-25 09:00:00  9.694390e+06     0.058591              NaT
2022-11-25 10:00:00  9.694390e+06     0.058591 93 days 08:00:00

[2500 rows x 3 columns]","      Size  EntryBar  ExitBar  EntryPrice  ExitPrice          PnL  ReturnPct           EntryTime            ExitTime        Duration  Validation_Set
0  -231964        99      101       43.11    41.8264  297748.9904   0.029775 2022-08-17 10:00:00 2022-08-17 12:00:00 0 days 02:00:00           17550
1  -298139       260      264       34.54    35.2308 -205954.4212  -0.020000 2022-08-24 03:00:00 2022-08-24 07:00:00 0 days 04:00:00           17550
2  -318956       443      444       31.64    32.2830 -205088.7080  -0.020322 2022-08-31 18:00:00 2022-08-31 19:00:00 0 days 01:00:00           17550
3  -318309       493      523       31.06    31.6812 -197733.5508  -0.020000 2022-09-02 20:00:00 2022-09-04 02:00:00 1 days 06:00:00           17550
4  -310543       556      560       31.20    31.8342 -196946.3706  -0.020327 2022-09-05 11:00:00 2022-09-05 15:00:00 0 days 04:00:00           17550
5  -274256       674      687       34.61    35.3022 -189840.0032  -0.020000 2022-09-10 09:00:00 2022-09-10 22:00:00 0 days 13:00:00           17550
6  -270727       696      704       34.36    35.0574 -188805.0098  -0.020297 2022-09-11 07:00:00 2022-09-11 15:00:00 0 days 08:00:00           17550
7  -264846       714      714       34.41    35.0982 -182267.0172  -0.020000 2022-09-12 01:00:00 2022-09-12 01:00:00 0 days 00:00:00           17550
8  -256641       720      721       34.80    35.5062 -181239.8742  -0.020293 2022-09-12 07:00:00 2022-09-12 08:00:00 0 days 01:00:00           17550
9  -285197       951      958       30.68    31.3038 -177905.8886  -0.020332 2022-09-21 22:00:00 2022-09-22 05:00:00 0 days 07:00:00           17550
10 -269983       989      997       31.75    32.3850 -171439.2050  -0.020000 2022-09-23 12:00:00 2022-09-23 20:00:00 0 days 08:00:00           17550
11 -250239      1028     1039       33.57    33.2500   80076.4800   0.009532 2022-09-25 03:00:00 2022-09-25 14:00:00 0 days 11:00:00           17550
12 -255055      1039     1046       33.25    32.2525  254417.3625   0.030000 2022-09-25 14:00:00 2022-09-25 21:00:00 0 days 07:00:00           17550
13 -267781      1091     1099       32.62    31.6511  259453.0109   0.029703 2022-09-27 18:00:00 2022-09-28 02:00:00 0 days 08:00:00           17550
14 -270104      1166     1203       33.30    32.3107  267213.8872   0.029709 2022-09-30 21:00:00 2022-10-02 10:00:00 1 days 13:00:00           17550
15 -276303      1277     1284       33.52    34.1904 -185233.5312  -0.020000 2022-10-05 12:00:00 2022-10-05 19:00:00 0 days 07:00:00           17550
16 -268296      1305     1325       33.83    32.8151  272293.6104   0.030000 2022-10-06 16:00:00 2022-10-07 12:00:00 0 days 20:00:00           17550
17 -287300      1394     1409       32.54    31.5735  277675.4500   0.029702 2022-10-10 09:00:00 2022-10-11 00:00:00 0 days 15:00:00           17550
18 -319178      1500     1566       30.16    30.7734 -195783.7852  -0.020338 2022-10-14 19:00:00 2022-10-17 13:00:00 2 days 18:00:00           17550
19 -308695      1591     1614       30.55    29.6335  282918.9675   0.030000 2022-10-18 14:00:00 2022-10-19 13:00:00 0 days 23:00:00           17550
20 -347657      1713     1714       27.94    28.4988 -194270.7316  -0.020000 2022-10-23 16:00:00 2022-10-23 17:00:00 0 days 01:00:00           17550
21 -336133      1738     1758       28.32    28.8762 -186957.1746  -0.019640 2022-10-24 17:00:00 2022-10-25 13:00:00 0 days 20:00:00           17550
22 -298062      1812     1824       31.31    30.3610  282860.8380   0.030310 2022-10-27 19:00:00 2022-10-28 07:00:00 0 days 12:00:00           17550
23 -294673      1876     1889       32.63    33.2724 -189297.9352  -0.019687 2022-10-30 11:00:00 2022-10-31 00:00:00 0 days 13:00:00           17550
24 -289760      1892     1893       32.53    33.1704 -185562.3040  -0.019686 2022-10-31 03:00:00 2022-10-31 04:00:00 0 days 01:00:00           17550
25 -281117      1908     1944       32.87    31.8839  277209.4737   0.030000 2022-10-31 19:00:00 2022-11-02 07:00:00 1 days 12:00:00           17550
26 -266373      2048     2049       35.73    34.6484  288109.0368   0.030271 2022-11-06 15:00:00 2022-11-06 16:00:00 0 days 01:00:00           17550
27  740049      2374     2377       13.25    12.8428 -301347.9528  -0.030732 2022-11-20 05:00:00 2022-11-20 08:00:00 0 days 03:00:00           17550
28  800025      2434     2439       11.88    12.1176  190085.9400   0.020000 2022-11-22 17:00:00 2022-11-22 22:00:00 0 days 05:00:00           17550"
4,2022-11-25 11:00:00,2023-03-09 14:00:00,104 days 03:00:00,8.64,9433081.293199996,10270012.417000001,-5.669187068000045,29.280223619846257,-18.36225383782769,13.284812313156744,0.0,0.0,0.0,-11.995680004833675,-7.247112981916548,86 days 15:00:00,47 days 19:00:00,33,45.45454545454545,2.0000000000000018,-2.0807248764415087,-0.17669912848737868,1 days 01:00:00,0 days 06:00:00,0.7714682162140636,-0.16685724728411241,-0.7231409103345542,"BBRSIADXEMA(stlo=980,tkpr=1010,dema_var=50,multiplier=2)","                           Equity  DrawdownPct DrawdownDuration
Date                                                           
2022-11-25 11:00:00  1.000000e+07     0.000000              NaT
2022-11-25 12:00:00  1.000000e+07     0.000000              NaT
2022-11-25 13:00:00  1.000000e+07     0.000000              NaT
2022-11-25 14:00:00  1.000000e+07     0.000000              NaT
2022-11-25 15:00:00  1.000000e+07     0.000000              NaT
...                           ...          ...              ...
2023-03-09 10:00:00  9.433081e+06     0.081493              NaT
2023-03-09 11:00:00  9.433081e+06     0.081493              NaT
2023-03-09 12:00:00  9.433081e+06     0.081493              NaT
2023-03-09 13:00:00  9.433081e+06     0.081493              NaT
2023-03-09 14:00:00  9.433081e+06     0.081493 86 days 15:00:00

[2500 rows x 3 columns]","      Size  EntryBar  ExitBar  EntryPrice  ExitPrice          PnL  ReturnPct           EntryTime            ExitTime        Duration  Validation_Set
0   725163       111      111       13.79    13.9178   92675.8314   0.009268 2022-11-30 02:00:00 2022-11-30 02:00:00 0 days 00:00:00           20050
1   734547       130      130       13.74    13.8673   93507.8331   0.009265 2022-11-30 21:00:00 2022-11-30 21:00:00 0 days 00:00:00           20050
2   744060       177      202       13.69    13.4162 -203723.6280  -0.020000 2022-12-02 20:00:00 2022-12-03 21:00:00 1 days 01:00:00           20050
3   737801       224      225       13.53    13.6754  107276.2654   0.010746 2022-12-04 19:00:00 2022-12-04 20:00:00 0 days 01:00:00           20050
4   734333       320      334       13.74    13.8673   93480.5909   0.009265 2022-12-08 19:00:00 2022-12-09 09:00:00 0 days 14:00:00           20050
5   744387       370      379       13.68    13.6600  -14887.7400  -0.001462 2022-12-10 21:00:00 2022-12-11 06:00:00 0 days 09:00:00           20050
6   744387       379      392       13.66    13.7966  101683.2642   0.010000 2022-12-11 06:00:00 2022-12-11 19:00:00 0 days 13:00:00           20050
7   771601       421      425       13.31    13.0438 -205400.1862  -0.020000 2022-12-13 00:00:00 2022-12-13 04:00:00 0 days 04:00:00           20050
8   714816       435      436       14.08    13.7984 -201292.1856  -0.020000 2022-12-13 14:00:00 2022-12-13 15:00:00 0 days 01:00:00           20050
9   786548       546      550       12.54    12.2892 -197266.2384  -0.020000 2022-12-18 05:00:00 2022-12-18 09:00:00 0 days 04:00:00           20050
10  775766       562      564       12.46    12.5745   88825.2070   0.009189 2022-12-18 21:00:00 2022-12-18 23:00:00 0 days 02:00:00           20050
11  791149       595      604       12.33    12.4432   89558.0668   0.009181 2022-12-20 06:00:00 2022-12-20 15:00:00 0 days 09:00:00           20050
12  802317       612      617       12.27    12.0344 -189025.8852  -0.019201 2022-12-20 23:00:00 2022-12-21 04:00:00 0 days 05:00:00           20050
13  795994       641      647       12.13    12.1400    7959.9400   0.000824 2022-12-22 04:00:00 2022-12-22 10:00:00 0 days 06:00:00           20050
14  795994       647      651       12.14    11.8874 -201068.0844  -0.020807 2022-12-22 10:00:00 2022-12-22 14:00:00 0 days 04:00:00           20050
15  980549       834      834        9.65     9.4570 -189245.9570  -0.020000 2022-12-30 05:00:00 2022-12-30 05:00:00 0 days 00:00:00           20050
16  975084       844      844        9.51     9.5950   82882.1400   0.008938 2022-12-30 15:00:00 2022-12-30 15:00:00 0 days 00:00:00           20050
17  935593       896      908       10.00    10.1000   93559.3000   0.010000 2023-01-01 19:00:00 2023-01-02 07:00:00 0 days 12:00:00           20050
18 -409423      1253     1253       23.08    23.3108  -94494.8284  -0.010000 2023-01-16 16:00:00 2023-01-16 16:00:00 0 days 00:00:00           20050
19 -403406      1264     1265       23.19    23.4219  -93549.8514  -0.010000 2023-01-17 03:00:00 2023-01-17 04:00:00 0 days 01:00:00           20050
20 -398170      1278     1279       23.26    23.5027  -96635.8590  -0.010434 2023-01-17 17:00:00 2023-01-17 18:00:00 0 days 01:00:00           20050
21 -367474      1400     1401       24.94    24.4412  183296.0312   0.020000 2023-01-22 19:00:00 2023-01-22 20:00:00 0 days 01:00:00           20050
22 -385807      1443     1443       24.23    24.4723  -93481.0361  -0.010000 2023-01-24 14:00:00 2023-01-24 14:00:00 0 days 00:00:00           20050
23 -386737      1502     1502       23.93    23.4612  181302.3056   0.019590 2023-01-27 01:00:00 2023-01-27 01:00:00 0 days 00:00:00           20050
24 -393327      1539     1549       23.99    24.2299  -94359.1473  -0.010000 2023-01-28 14:00:00 2023-01-29 00:00:00 0 days 10:00:00           20050
25 -388908      1583     1586       24.02    24.2602  -93415.7016  -0.010000 2023-01-30 10:00:00 2023-01-30 13:00:00 0 days 03:00:00           20050
26 -380269      1669     1681       24.32    24.5632  -92481.4208  -0.010000 2023-02-03 00:00:00 2023-02-03 12:00:00 0 days 12:00:00           20050
27 -374312      1697     1706       24.46    24.7046  -91556.7152  -0.010000 2023-02-04 04:00:00 2023-02-04 13:00:00 0 days 09:00:00           20050
28 -372396      1717     1729       24.34    23.8532  181282.3728   0.020000 2023-02-05 00:00:00 2023-02-05 12:00:00 0 days 12:00:00           20050
29 -440677      1914     1916       20.98    21.1696  -83552.3592  -0.009037 2023-02-13 05:00:00 2023-02-13 07:00:00 0 days 02:00:00           20050
30 -408828      2004     2006       22.41    22.6341  -91618.3548  -0.010000 2023-02-16 23:00:00 2023-02-17 01:00:00 0 days 02:00:00           20050
31 -359074      2110     2114       25.26    24.7646  177885.2596   0.019612 2023-02-21 09:00:00 2023-02-21 13:00:00 0 days 04:00:00           20050
32 -384217      2164     2183       24.07    23.5886  184962.0638   0.020000 2023-02-23 15:00:00 2023-02-24 10:00:00 0 days 19:00:00           20050"
5,2023-03-09 15:00:00,2023-06-21 19:00:00,104 days 04:00:00,7.359999999999999,10483532.233000001,10878159.3542,4.835322330000009,-6.702997275204361,17.838836253978506,18.598365612610404,0.9591614997547468,1.931120962059952,2.796641298503625,-6.378664386999999,-1.5061719071764688,50 days 06:00:00,6 days 19:00:00,38,42.10526315789473,2.046401515151519,-2.0000000000000018,0.12434192322317017,0 days 10:00:00,0 days 04:00:00,1.215255020970974,0.13503876460882908,0.5273145688168576,"BBRSIADXEMA(stlo=980,tkpr=1010,dema_var=50,multiplier=2)","                           Equity  DrawdownPct DrawdownDuration
Date                                                           
2023-03-09 15:00:00  1.000000e+07     0.000000              NaT
2023-03-09 16:00:00  1.000000e+07     0.000000              NaT
2023-03-09 17:00:00  1.000000e+07     0.000000              NaT
2023-03-09 18:00:00  1.000000e+07     0.000000              NaT
2023-03-09 19:00:00  1.000000e+07     0.000000              NaT
...                           ...          ...              ...
2023-06-21 15:00:00  1.048353e+07     0.036277              NaT
2023-06-21 16:00:00  1.048353e+07     0.036277              NaT
2023-06-21 17:00:00  1.048353e+07     0.036277              NaT
2023-06-21 18:00:00  1.048353e+07     0.036277              NaT
2023-06-21 19:00:00  1.048353e+07     0.036277 23 days 03:00:00

[2500 rows x 3 columns]","      Size  EntryBar  ExitBar  EntryPrice  ExitPrice          PnL  ReturnPct           EntryTime            ExitTime        Duration  Validation_Set
0  -485672       141      141       20.59    20.7858  -95094.5776  -0.009509 2023-03-15 12:00:00 2023-03-15 12:00:00 0 days 00:00:00           22550
1  -512941       174      174       19.31    19.5132 -104229.6112  -0.010523 2023-03-16 21:00:00 2023-03-16 21:00:00 0 days 00:00:00           22550
2  -462296       225      225       21.20    21.4120  -98006.7520  -0.010000 2023-03-19 00:00:00 2023-03-19 00:00:00 0 days 00:00:00           22550
3  -438439       273      273       22.13    22.3513  -97026.5507  -0.010000 2023-03-21 00:00:00 2023-03-21 00:00:00 0 days 00:00:00           22550
4  -433076       298      300       22.18    22.3917  -91682.1892  -0.009545 2023-03-22 01:00:00 2023-03-22 03:00:00 0 days 02:00:00           22550
5  -450898       317      317       21.10    21.3110  -95139.4780  -0.010000 2023-03-22 20:00:00 2023-03-22 20:00:00 0 days 00:00:00           22550
6  -436056       354      359       21.60    21.1680  188376.1920   0.020000 2023-03-24 09:00:00 2023-03-24 15:00:00 0 days 06:00:00           22550
7  -464115       497      504       20.70    20.2860  192143.6100   0.020000 2023-03-30 09:00:00 2023-03-30 16:00:00 0 days 07:00:00           22550
8  -468643       554      556       20.91    21.1191  -97993.2513  -0.010000 2023-04-01 18:00:00 2023-04-01 20:00:00 0 days 02:00:00           22550
9  -463292       565      567       20.94    21.1393  -92334.0956  -0.009518 2023-04-02 05:00:00 2023-04-02 07:00:00 0 days 02:00:00           22550
10 -461528       574      579       20.82    20.4036  192180.2592   0.020000 2023-04-02 14:00:00 2023-04-02 19:00:00 0 days 05:00:00           22550
11 -470984       648      655       20.81    21.0080  -93254.8320  -0.009515 2023-04-05 16:00:00 2023-04-05 23:00:00 0 days 07:00:00           22550
12 -474715       720      726       20.45    20.0410  194158.4350   0.020000 2023-04-08 16:00:00 2023-04-08 22:00:00 0 days 06:00:00           22550
13 -415530       864      865       23.83    24.0683  -99020.7990  -0.010000 2023-04-14 16:00:00 2023-04-14 17:00:00 0 days 01:00:00           22550
14 -406766       906      911       24.10    24.3410  -98030.6060  -0.010000 2023-04-16 10:00:00 2023-04-16 15:00:00 0 days 05:00:00           22550
15 -394674       937      939       24.59    24.8460 -101036.5440  -0.010411 2023-04-17 17:00:00 2023-04-17 19:00:00 0 days 02:00:00           22550
16 -389931       963      964       24.63    24.8662  -92101.7022  -0.009590 2023-04-18 19:00:00 2023-04-18 20:00:00 0 days 01:00:00           22550
17 -442208      1158     1158       21.51    21.0798  190237.8816   0.020000 2023-04-26 22:00:00 2023-04-26 22:00:00 0 days 00:00:00           22550
18 -418556      1232     1238       23.18    23.4219 -101248.6964  -0.010436 2023-04-30 00:00:00 2023-04-30 06:00:00 0 days 06:00:00           22550
19 -416886      1253     1257       23.03    22.5694  192017.6916   0.020000 2023-04-30 21:00:00 2023-05-01 01:00:00 0 days 04:00:00           22550
20 -447369      1307     1315       21.89    21.4620  191473.9320   0.019552 2023-05-03 03:00:00 2023-05-03 11:00:00 0 days 08:00:00           22550
21 -457789      1344     1353       21.81    22.0382 -104467.4498  -0.010463 2023-05-04 16:00:00 2023-05-05 01:00:00 0 days 09:00:00           22550
22 -454249      1425     1425       21.75    21.3150  197598.3150   0.020000 2023-05-08 01:00:00 2023-05-08 01:00:00 0 days 00:00:00           22550
23 -486601      1499     1509       20.71    20.2958  201550.1342   0.020000 2023-05-11 03:00:00 2023-05-11 13:00:00 0 days 10:00:00           22550
24 -490647      1590     1593       20.95    21.1494  -97835.0118  -0.009518 2023-05-14 22:00:00 2023-05-15 01:00:00 0 days 03:00:00           22550
25 -482066      1615     1617       21.12    20.6878  208348.9252   0.020464 2023-05-15 23:00:00 2023-05-16 01:00:00 0 days 02:00:00           22550
26 -498779      1676     1681       20.83    20.4232  202903.2972   0.019530 2023-05-18 12:00:00 2023-05-18 17:00:00 0 days 05:00:00           22550
27 -541815      1812     1821       19.55    19.1688  206539.8780   0.019499 2023-05-24 04:00:00 2023-05-24 13:00:00 0 days 09:00:00           22550
28 -527553      1944     1953       20.47    20.6848 -113318.3844  -0.010493 2023-05-29 16:00:00 2023-05-30 01:00:00 0 days 09:00:00           22550
29 -519480      1982     1984       20.57    20.7656 -101610.2880  -0.009509 2023-05-31 06:00:00 2023-05-31 08:00:00 0 days 02:00:00           22550
30 -515041      2022     2026       20.55    20.7555 -105840.9255  -0.010000 2023-06-01 22:00:00 2023-06-02 02:00:00 0 days 04:00:00           22550
31 -497543      2068     2074       21.06    21.2706 -104782.5558  -0.010000 2023-06-03 20:00:00 2023-06-04 02:00:00 0 days 06:00:00           22550
32 -482936      2102     2111       21.48    21.0504  207469.3056   0.020000 2023-06-05 06:00:00 2023-06-05 15:00:00 0 days 09:00:00           22550
33  661308      2260     2261       16.00    15.6800 -211618.5600  -0.020000 2023-06-11 20:00:00 2023-06-11 21:00:00 0 days 01:00:00           22550
34  678176      2293     2294       15.29    15.4530  110542.6880   0.010661 2023-06-13 05:00:00 2023-06-13 06:00:00 0 days 01:00:00           22550
35  689464      2323     2329       15.20    15.3520  104798.5280   0.010000 2023-06-14 11:00:00 2023-06-14 17:00:00 0 days 06:00:00           22550
36  690004      2330     2330       15.34    15.0430 -204931.1880  -0.019361 2023-06-14 18:00:00 2023-06-14 18:00:00 0 days 00:00:00           22550
37  702757      2359     2366       14.77    14.9177  103797.2089   0.010000 2023-06-15 23:00:00 2023-06-16 06:00:00 0 days 07:00:00           22550"
6,2023-06-21 20:00:00,2023-10-03 23:00:00,104 days 03:00:00,10.72,9392111.472299999,10026486.8702,-6.078885277000014,37.850467289719624,-19.58819165042156,12.796358601064922,0.0,0.0,0.0,-7.97489764113214,-6.670665981066076,54 days 21:00:00,49 days 17:00:00,40,52.5,2.0357273058694836,-2.0572764465225046,-0.15666505788141105,1 days 00:00:00,0 days 06:00:00,0.7976513349134903,-0.14676706594042938,-0.6952499770183803,"BBRSIADXEMA(stlo=980,tkpr=1010,dema_var=50,multiplier=2)","                           Equity  DrawdownPct DrawdownDuration
Date                                                           
2023-06-21 20:00:00  1.000000e+07      0.00000              NaT
2023-06-21 21:00:00  1.000000e+07      0.00000              NaT
2023-06-21 22:00:00  1.000000e+07      0.00000              NaT
2023-06-21 23:00:00  1.000000e+07      0.00000              NaT
2023-06-22 00:00:00  1.000000e+07      0.00000              NaT
...                           ...          ...              ...
2023-10-03 19:00:00  9.392111e+06      0.06327              NaT
2023-10-03 20:00:00  9.392111e+06      0.06327              NaT
2023-10-03 21:00:00  9.392111e+06      0.06327              NaT
2023-10-03 22:00:00  9.392111e+06      0.06327              NaT
2023-10-03 23:00:00  9.392111e+06      0.06327 44 days 12:00:00

[2500 rows x 3 columns]","      Size  EntryBar  ExitBar  EntryPrice  ExitPrice          PnL  ReturnPct           EntryTime            ExitTime        Duration  Validation_Set
0   584453       114      115       17.11    16.7580 -205727.4560  -0.020573 2023-06-26 14:00:00 2023-06-26 15:00:00 0 days 01:00:00           25050
1   587186       135      139       16.68    16.3562 -190130.8268  -0.019412 2023-06-27 11:00:00 2023-06-27 15:00:00 0 days 04:00:00           25050
2   585975       181      181       16.39    16.5539   96041.3025   0.010000 2023-06-29 09:00:00 2023-06-29 09:00:00 0 days 00:00:00           25050
3   493146       342      348       19.67    19.8667   97001.8182   0.010000 2023-07-06 02:00:00 2023-07-06 08:00:00 0 days 06:00:00           25050
4   436984       520      523       22.42    22.6341   93558.2744   0.009550 2023-07-13 12:00:00 2023-07-13 15:00:00 0 days 03:00:00           25050
5  -378520       553      553       26.13    26.4014 -102730.3280  -0.010387 2023-07-14 21:00:00 2023-07-14 21:00:00 0 days 00:00:00           25050
6  -355281       578      580       27.55    27.8154  -94291.5774  -0.009633 2023-07-15 22:00:00 2023-07-16 00:00:00 0 days 02:00:00           25050
7  -353914       601      602       27.39    27.6639  -96937.0446  -0.010000 2023-07-16 21:00:00 2023-07-16 22:00:00 0 days 01:00:00           25050
8  -349864       613      614       27.43    26.8716  195364.0576   0.020357 2023-07-17 09:00:00 2023-07-17 10:00:00 0 days 01:00:00           25050
9  -391372       873      883       25.02    25.2702  -97921.2744  -0.010000 2023-07-28 05:00:00 2023-07-28 15:00:00 0 days 10:00:00           25050
10 -390581       892      893       24.82    25.0682  -96942.2042  -0.010000 2023-07-29 00:00:00 2023-07-29 01:00:00 0 days 01:00:00           25050
11 -382972       922      935       25.06    24.5686  188192.4408   0.019609 2023-07-30 06:00:00 2023-07-30 19:00:00 0 days 13:00:00           25050
12  428623      1088     1090       22.83    23.0684  102183.7232   0.010442 2023-08-06 04:00:00 2023-08-06 06:00:00 0 days 02:00:00           25050
13 -407906      1184     1190       24.24    24.4723  -94756.5638  -0.009583 2023-08-10 04:00:00 2023-08-10 10:00:00 0 days 06:00:00           25050
14 -401019      1215     1217       24.42    24.6642  -97928.8398  -0.010000 2023-08-11 11:00:00 2023-08-11 13:00:00 0 days 02:00:00           25050
15 -396522      1222     1228       24.45    24.6945  -96949.6290  -0.010000 2023-08-11 18:00:00 2023-08-12 00:00:00 0 days 06:00:00           25050
16 -392076      1232     1244       24.48    24.7248  -95980.2048  -0.010000 2023-08-12 04:00:00 2023-08-12 16:00:00 0 days 12:00:00           25050
17 -386891      1266     1278       24.56    24.0786  186249.3274   0.019601 2023-08-13 14:00:00 2023-08-14 02:00:00 0 days 12:00:00           25050
18 -391921      1316     1319       24.72    24.2256  193765.7424   0.020000 2023-08-15 16:00:00 2023-08-15 19:00:00 0 days 03:00:00           25050
19  454975      1409     1411       21.72    21.9271   94225.3225   0.009535 2023-08-19 13:00:00 2023-08-19 15:00:00 0 days 02:00:00           25050
20  456371      1430     1441       21.86    21.9100   22818.5500   0.002287 2023-08-20 10:00:00 2023-08-20 21:00:00 0 days 11:00:00           25050
21  456371      1441     1445       21.91    21.4718 -199981.7722  -0.020000 2023-08-20 21:00:00 2023-08-21 01:00:00 0 days 04:00:00           25050
22  470659      1502     1505       20.82    20.4134 -191369.9494  -0.019529 2023-08-23 10:00:00 2023-08-23 13:00:00 0 days 03:00:00           25050
23  462578      1506     1507       20.77    20.9777   96077.4506   0.010000 2023-08-23 14:00:00 2023-08-23 15:00:00 0 days 01:00:00           25050
24  475911      1596     1596       20.39    20.5838   92231.5518   0.009505 2023-08-27 08:00:00 2023-08-27 08:00:00 0 days 00:00:00           25050
25  475536      1629     1646       20.60    20.1880 -195920.8320  -0.020000 2023-08-28 17:00:00 2023-08-29 10:00:00 0 days 17:00:00           25050
26  491055      1745     1749       19.55    19.1590 -192002.5050  -0.020000 2023-09-02 13:00:00 2023-09-02 17:00:00 0 days 04:00:00           25050
27  482221      1758     1779       19.51    19.5200    4822.2100   0.000513 2023-09-03 02:00:00 2023-09-03 23:00:00 0 days 21:00:00           25050
28  482221      1779     1780       19.52    19.7051   89259.1071   0.009483 2023-09-03 23:00:00 2023-09-04 00:00:00 0 days 01:00:00           25050
29  486047      1816     1817       19.55    19.7455   95022.1885   0.010000 2023-09-05 12:00:00 2023-09-05 13:00:00 0 days 01:00:00           25050
30  488160      1872     1873       19.66    19.8667  100902.6720   0.010514 2023-09-07 20:00:00 2023-09-07 21:00:00 0 days 01:00:00           25050
31  539085      1978     1981       17.99    18.1699   96981.3915   0.010000 2023-09-12 06:00:00 2023-09-12 09:00:00 0 days 03:00:00           25050
32  540868      1997     2001       18.11    17.7478 -195902.3896  -0.020000 2023-09-13 01:00:00 2023-09-13 05:00:00 0 days 04:00:00           25050
33  527719      2005     2011       18.19    18.3820  101322.0480   0.010555 2023-09-13 09:00:00 2023-09-13 15:00:00 0 days 06:00:00           25050
34  507085      2069     2070       19.13    19.3213   97005.3605   0.010000 2023-09-16 01:00:00 2023-09-16 02:00:00 0 days 01:00:00           25050
35  514037      2121     2125       19.06    19.2405   92783.6785   0.009470 2023-09-18 05:00:00 2023-09-18 09:00:00 0 days 04:00:00           25050
36  507196      2261     2284       19.50    19.1002 -202776.9608  -0.020503 2023-09-24 01:00:00 2023-09-25 00:00:00 0 days 23:00:00           25050
37  494515      2298     2322       19.59    19.1982 -193750.9770  -0.020000 2023-09-25 14:00:00 2023-09-26 14:00:00 1 days 00:00:00           25050
38  490889      2345     2346       19.34    18.9434 -194686.5774  -0.020507 2023-09-27 13:00:00 2023-09-27 14:00:00 0 days 01:00:00           25050
39  481570      2357     2370       19.31    19.5031   92991.1670   0.010000 2023-09-28 01:00:00 2023-09-28 14:00:00 0 days 13:00:00           25050"
7,2023-10-04 00:00:00,2024-01-16 03:00:00,104 days 03:00:00,6.52,11846013.979000002,11846013.979000002,18.46013979000002,316.2267416702726,80.19847977322705,39.849306657101295,2.0125439186012883,6.755555451084412,10.906289516948705,-7.353415627615256,-1.9513153394549503,25 days 00:00:00,3 days 04:00:00,25,60.0,3.046648550724651,-3.0000000000000027,0.6799289424763266,1 days 00:00:00,0 days 06:00:00,1.9022758619548248,0.7058354330355519,1.5001934984570446,"BBRSIADXEMA(stlo=980,tkpr=1030,dema_var=50,multiplier=2)","                           Equity  DrawdownPct DrawdownDuration
Date                                                           
2023-10-04 00:00:00  1.000000e+07          0.0              NaT
2023-10-04 01:00:00  1.000000e+07          0.0              NaT
2023-10-04 02:00:00  1.000000e+07          0.0              NaT
2023-10-04 03:00:00  1.000000e+07          0.0              NaT
2023-10-04 04:00:00  1.000000e+07          0.0              NaT
...                           ...          ...              ...
2024-01-15 23:00:00  1.184601e+07          0.0              NaT
2024-01-16 00:00:00  1.184601e+07          0.0              NaT
2024-01-16 01:00:00  1.184601e+07          0.0              NaT
2024-01-16 02:00:00  1.184601e+07          0.0              NaT
2024-01-16 03:00:00  1.184601e+07          0.0              NaT

[2500 rows x 3 columns]","      Size  EntryBar  ExitBar  EntryPrice  ExitPrice          PnL  ReturnPct           EntryTime            ExitTime        Duration  Validation_Set
0   447027       178      183       22.37    21.9128 -204380.7444  -0.020438 2023-10-11 10:00:00 2023-10-11 15:00:00 0 days 05:00:00           27550
1   453921       229      237       21.58    22.2274  293868.4554   0.030000 2023-10-13 13:00:00 2023-10-13 21:00:00 0 days 08:00:00           27550
2   456951       285      293       22.08    22.7527  307390.9377   0.030466 2023-10-15 21:00:00 2023-10-16 05:00:00 0 days 08:00:00           27550
3   334843       508      513       31.05    31.9712  308457.3716   0.029668 2023-10-25 04:00:00 2023-10-25 09:00:00 0 days 05:00:00           27550
4   325885       551      553       32.85    32.2028 -210912.7720  -0.019702 2023-10-26 23:00:00 2023-10-27 01:00:00 0 days 02:00:00           27550
5   325005       608      632       32.29    33.2587  314832.3435   0.030000 2023-10-29 08:00:00 2023-10-30 08:00:00 1 days 00:00:00           27550
6   185185      1098     1105       58.37    57.1928 -217999.7820  -0.020168 2023-11-18 18:00:00 2023-11-19 01:00:00 0 days 07:00:00           27550
7   191696      1190     1191       55.25    54.1352 -213702.7008  -0.020177 2023-11-22 14:00:00 2023-11-22 15:00:00 0 days 01:00:00           27550
8   181394      1230     1232       57.21    57.3400   23581.2200   0.002272 2023-11-24 06:00:00 2023-11-24 08:00:00 0 days 02:00:00           27550
9   181394      1232     1248       57.34    56.1932 -208022.6392  -0.020000 2023-11-24 08:00:00 2023-11-25 00:00:00 0 days 16:00:00           27550
10  182443      1331     1337       55.87    57.5358  303913.5494   0.029816 2023-11-28 11:00:00 2023-11-28 17:00:00 0 days 06:00:00           27550
11  164943      1465     1475       63.64    62.3770 -208323.0090  -0.019846 2023-12-04 01:00:00 2023-12-04 11:00:00 0 days 10:00:00           27550
12  167650      1508     1512       61.37    61.0400  -55324.5000  -0.005377 2023-12-05 20:00:00 2023-12-06 00:00:00 0 days 04:00:00           27550
13  167650      1512     1512       61.04    62.8609  305273.8850   0.029831 2023-12-06 00:00:00 2023-12-06 00:00:00 0 days 00:00:00           27550
14  166750      1546     1551       63.20    65.1063  317875.5250   0.030163 2023-12-07 10:00:00 2023-12-07 15:00:00 0 days 05:00:00           27550
15  152222      1658     1662       71.32    69.9034 -215637.6852  -0.019863 2023-12-12 02:00:00 2023-12-12 06:00:00 0 days 04:00:00           27550
16  156552      1699     1699       67.97    69.9988  317612.6976   0.029848 2023-12-13 19:00:00 2023-12-13 19:00:00 0 days 00:00:00           27550
17  148087      1797     1798       74.00    72.5200 -219168.7600  -0.020000 2023-12-17 21:00:00 2023-12-17 22:00:00 0 days 01:00:00           27550
18  148476      1819     1821       72.33    74.4896  320648.7696   0.029858 2023-12-18 19:00:00 2023-12-18 21:00:00 0 days 02:00:00           27550
19  -98838      1999     2002      111.90   115.2570 -331799.1660  -0.030000 2023-12-26 07:00:00 2023-12-26 10:00:00 0 days 03:00:00           27550
20  -99270      2031     2032      108.07   105.9086  214562.1780   0.020000 2023-12-27 15:00:00 2023-12-27 16:00:00 0 days 01:00:00           27550
21 -101481      2179     2195      107.83   105.6832  217859.4108   0.019909 2024-01-02 19:00:00 2024-01-03 11:00:00 0 days 16:00:00           27550
22 -110032      2238     2242      101.43    99.4014  223210.9152   0.020000 2024-01-05 06:00:00 2024-01-05 10:00:00 0 days 04:00:00           27550
23 -116007      2360     2364       98.13    96.1576  228812.2068   0.020100 2024-01-10 08:00:00 2024-01-10 12:00:00 0 days 04:00:00           27550
24 -115767      2399     2401      100.31    98.2940  233386.2720   0.020098 2024-01-11 23:00:00 2024-01-12 01:00:00 0 days 02:00:00           27550"
8,2024-01-16 04:00:00,2024-04-29 07:00:00,104 days 03:00:00,11.84,11460282.888199998,11826212.640499996,14.60282888199998,40.920956458181074,60.610624270798084,44.4530359813971,1.3634754732199321,3.7787355918922563,8.598045709020523,-7.04934892439677,-2.887538167285386,12 days 20:00:00,4 days 15:00:00,32,53.125,3.0066689584049455,-3.0069599297249727,0.4268557222315783,1 days 05:00:00,0 days 09:00:00,1.4725028876340305,0.4611825144267022,0.9052781284117019,"BBRSIADXEMA(stlo=970,tkpr=1030,dema_var=50,multiplier=2)","                           Equity  DrawdownPct DrawdownDuration
Date                                                           
2024-01-16 04:00:00  1.000000e+07     0.000000              NaT
2024-01-16 05:00:00  1.000000e+07     0.000000              NaT
2024-01-16 06:00:00  1.000000e+07     0.000000              NaT
2024-01-16 07:00:00  1.000000e+07     0.000000              NaT
2024-01-16 08:00:00  1.000000e+07     0.000000              NaT
...                           ...          ...              ...
2024-04-29 03:00:00  1.146028e+07     0.030942              NaT
2024-04-29 04:00:00  1.146028e+07     0.030942              NaT
2024-04-29 05:00:00  1.146028e+07     0.030942              NaT
2024-04-29 06:00:00  1.146028e+07     0.030942              NaT
2024-04-29 07:00:00  1.146028e+07     0.030942  8 days 22:00:00

[2500 rows x 3 columns]","      Size  EntryBar  ExitBar  EntryPrice  ExitPrice          PnL  ReturnPct           EntryTime            ExitTime        Duration  Validation_Set
0   107665       116      119       92.88    92.8300   -5383.2500  -0.000538 2024-01-21 00:00:00 2024-01-21 03:00:00 0 days 03:00:00           30050
1   107665       119      125       92.83    92.5300  -32299.5000  -0.003232 2024-01-21 03:00:00 2024-01-21 09:00:00 0 days 06:00:00           30050
2   107665       125      142       92.53    89.7541 -298867.2735  -0.030000 2024-01-21 09:00:00 2024-01-22 02:00:00 0 days 17:00:00           30050
3   115178       190      195       83.90    86.4170  289903.0260   0.030000 2024-01-24 02:00:00 2024-01-24 07:00:00 0 days 05:00:00           30050
4   102390       401      410       97.21   100.1263  298599.9570   0.030000 2024-02-01 21:00:00 2024-02-02 06:00:00 0 days 09:00:00           30050
5   105429       486      498       97.24    94.3325 -306534.8175  -0.029900 2024-02-05 10:00:00 2024-02-05 22:00:00 0 days 12:00:00           30050
6   101920       520      534       97.58    94.6526 -298360.6080  -0.030000 2024-02-06 20:00:00 2024-02-07 10:00:00 0 days 14:00:00           30050
7    99198       541      545       97.25   100.1675  289410.1650   0.030000 2024-02-07 17:00:00 2024-02-07 21:00:00 0 days 04:00:00           30050
8    90553       662      668      109.73   113.0219  298091.4207   0.030000 2024-02-12 18:00:00 2024-02-13 00:00:00 0 days 06:00:00           30050
9    93697       796      798      109.23   112.5069  307035.6993   0.030000 2024-02-18 08:00:00 2024-02-18 10:00:00 0 days 02:00:00           30050
10   99721       893      905      105.71   105.1700  -53849.3400  -0.005108 2024-02-22 09:00:00 2024-02-22 21:00:00 0 days 12:00:00           30050
11   99721       905      907      105.17   102.0149 -314629.7271  -0.030000 2024-02-22 21:00:00 2024-02-22 23:00:00 0 days 02:00:00           30050
12   99259       942      971      102.49   103.4900   99259.0000   0.009757 2024-02-24 10:00:00 2024-02-25 15:00:00 1 days 05:00:00           30050
13   99259       971      974      103.49   103.3800  -10918.4900  -0.001063 2024-02-25 15:00:00 2024-02-25 18:00:00 0 days 03:00:00           30050
14   99259       974      996      103.38   106.4814  307841.8626   0.030000 2024-02-25 18:00:00 2024-02-26 16:00:00 0 days 22:00:00           30050
15   98861       997      998      106.91   110.1070  316058.6170   0.029904 2024-02-26 17:00:00 2024-02-26 18:00:00 0 days 01:00:00           30050
16   81721      1204     1205      133.20   129.2040 -326557.1160  -0.030000 2024-03-06 08:00:00 2024-03-06 09:00:00 0 days 01:00:00           30050
17  -72769      1270     1285      145.10   145.4700  -26924.5300  -0.002550 2024-03-09 02:00:00 2024-03-09 17:00:00 0 days 15:00:00           30050
18  -72398      1285     1305      145.47   145.4500    1447.9600   0.000137 2024-03-09 17:00:00 2024-03-10 13:00:00 0 days 20:00:00           30050
19  -72418      1305     1314      145.45   141.0768  316698.3976   0.030067 2024-03-10 13:00:00 2024-03-10 22:00:00 0 days 09:00:00           30050
20  -73539      1358     1369      147.54   151.9559 -324740.8701  -0.029930 2024-03-12 18:00:00 2024-03-13 05:00:00 0 days 11:00:00           30050
21  -57505      1457     1457      183.03   177.5391  315754.2045   0.030000 2024-03-16 21:00:00 2024-03-16 21:00:00 0 days 00:00:00           30050
22  -54708      1507     1509      198.16   192.2055  325758.7860   0.030049 2024-03-18 23:00:00 2024-03-19 01:00:00 0 days 02:00:00           30050
23  -59180      1694     1714      188.69   183.0390  334426.1800   0.029949 2024-03-26 18:00:00 2024-03-27 14:00:00 0 days 20:00:00           30050
24  -62632      1756     1762      183.63   189.1389 -345033.4248  -0.030000 2024-03-29 08:00:00 2024-03-29 14:00:00 0 days 06:00:00           30050
25  -56722      1830     1834      196.68   190.7699  335232.6922   0.030049 2024-04-01 10:00:00 2024-04-01 14:00:00 0 days 04:00:00           30050
26  -64623      1986     1996      177.82   183.1443 -344072.2389  -0.029942 2024-04-07 22:00:00 2024-04-08 08:00:00 0 days 10:00:00           30050
27  -62150      2015     2020      179.36   173.9792  334416.7200   0.030000 2024-04-09 03:00:00 2024-04-09 08:00:00 0 days 05:00:00           30050
28  -82041      2173     2174      139.95   135.7515  344449.1385   0.030000 2024-04-15 17:00:00 2024-04-15 18:00:00 0 days 01:00:00           30050
29  -83838      2286     2291      141.06   145.2918 -354785.6484  -0.030000 2024-04-20 10:00:00 2024-04-20 15:00:00 0 days 05:00:00           30050
30  -77514      2320     2329      147.99   152.4400 -344937.3000  -0.030070 2024-04-21 20:00:00 2024-04-22 05:00:00 0 days 09:00:00           30050
31  -73437      2388     2394      151.51   146.9647  333793.1961   0.030000 2024-04-24 16:00:00 2024-04-24 22:00:00 0 days 06:00:00           30050"
